Area Code,Area Name,Europe: United Kingdom,Europe: Ireland,Europe: Other Europe: EU countries: Member countries in March 2001: France,Europe: Other Europe: EU countries: Member countries in March 2001: Germany,Europe: Other Europe: EU countries: Member countries in March 2001: Italy,Europe: Other Europe: EU countries: Member countries in March 2001: Portugal (including Madeira and the Azores),Europe: Other Europe: EU countries: Member countries in March 2001: Other member countries in March 2001,Europe: Other Europe: EU countries: Countries that joined the EU between April 2001 and March 2011: Poland,Europe: Other Europe: EU countries: Countries that joined the EU between April 2001 and March 2011: Other EU  countries,Europe: Other Europe: EU countries: Countries that joined the EU between April 2011 and March 2021: Croatia,Europe: Other Europe: Rest of Europe,Africa: Nigeria,Africa: South Africa,Africa: Other,Middle East and Asia: China,Middle East and Asia: Bangladesh,Middle East and Asia: India,Middle East and Asia: Pakistan,Middle East and Asia: Other,The Americas and the Caribbean: Canada,The Americas and the Caribbean: United States,The Americas and the Caribbean: Jamaica,The Americas and the Caribbean: Other,"Antarctica, Oceania and other"
K04000001,ENGLAND AND WALES,1247026,9389,4964,6356,10463,7695,3764,4512,2821,12233,6615,6122,5128,3122,4675,1528,1717,10779,7303,6435,1486,5984,10470,178.3
E92000001,ENGLAND,174117,4106,4932,3704,3339,5845,2754,1544,8790,12331,2266,6077,2050,7887,5704,6417,2439,12737,3914,4923,1652,4316,4365,973.7
E12000001,NORTH EAST,744614,8094,4143,1167,2116,5459,1990,6251,4928,2849,1551,2432,7979,4608,6804,1834,4344,5912,8603,6848,5820,2705,9171,272.3
E06000047,County Durham,589744,2897,11670,4745,6820,7314,8422,888,5245,2854,9260,5055,3259,5255,7383,3833,3711,6879,2877,6254,5494,6780,785,890.5
E06000005,Darlington,280741,2664,12493,8407,3536,3388,10147,4862,5996,2285,11898,4490,5976,8403,1544,5185,2928,6565,14754,6709,3301,10329,6482,287.2
E06000001,Hartlepool,433595,5889,3137,3220,1850,2176,5659,4567,1981,6180,6892,5752,9138,3652,3254,10111,11123,1970,6198,4755,2816,4917,9179,679.8
E06000002,Middlesbrough,410823,1541,1696,2316,7714,4954,3340,1885,7561,4887,6318,3047,4546,10146,5090,3565,10109,1368,5858,7514,904,3726,5469,618.3
E06000057,Northumberland,363701,1065,4079,6419,6265,7346,8442,5335,4733,7638,5748,1449,2889,2770,2061,3405,3930,4861,8188,6056,2979,2752,5155,267.6
E06000003,Redcar and Cleveland,654132,2609,4150,6499,2563,3573,13468,3372,3869,8746,6745,3538,10216,6490,3066,12369,1631,6531,1304,1674,14295,2794,4629,720.4
E06000004,Stockton-on-Tees,534849,2255,6633,11058,3063,5107,9709,4485,2710,12530,3502,1550,3612,6279,6937,4729,6983,1307,1738,9426,1970,4895,923,112.3
E11000007,Tyne and Wear (Met County),1237327,5412,9798,8058,5734,2550,1798,1539,5208,6116,7300,3749,3005,6251,4382,6021,1392,7192,1876,5366,6244,5424,9510,934.2
E08000037,Gateshead,817340,3108,11537,1112,11058,8508,4444,3809,6396,4018,4432,8480,1999,2187,8369,3189,4721,1691,2781,12884,8462,10242,2108,549.0
E08000021,Newcastle upon Tyne,403764,4261,2319,3569,8040,3484,4056,8790,6820,10456,1662,10183,6153,12653,13792,6528,3805,10641,3738,8779,9814,6750,10627,819.6
E08000022,North Tyneside,840956,7431,7224,5642,1652,3407,10744,6879,1655,1873,11784,2839,3781,9595,2727,8198,3466,2468,4111,4964,10289,6633,11410,992.4
E08000023,South Tyneside,592642,10768,13390,8879,3995,4442,8852,1186,9099,3798,10873,8242,6004,4463,4510,2609,11081,2943,2390,12441,5425,6141,1544,925.7
E08000024,Sunderland,656458,5398,14254,3731,2141,13041,10026,7966,6992,2371,7045,3053,6963,2580,9854,6132,2095,3915,8994,3683,6752,9105,7366,103.0
E12000002,NORTH WEST,754560,5552,13671,5708,11496,7620,7679,12872,1514,11988,7464,9422,3741,7293,13960,3701,1582,4002,8648,5721,4277,9707,4494,111.2
E06000008,Blackburn with Darwen,806200,3625,11426,9857,10398,14849,3786,12273,6243,8459,10254,4513,11922,7301,6059,2513,8661,9517,6339,14674,6964,2785,1246,975.8
E06000009,Blackpool,420634,1145,7943,5310,2918,8087,5095,2312,3082,1590,5344,5689,6851,13309,2851,12482,5344,9377,2337,2461,5776,8353,2542,476.2
E06000049,Cheshire East,1275303,5030,2716,5217,5714,2833,14506,2991,9040,3251,3502,5111,13909,2540,10700,9121,12968,5106,8343,1749,3433,5583,5726,993.4
E06000050,Cheshire West and Chester,1127740,6644,2639,1165,5505,1639,4779,1021,881,2387,3511,5318,13322,7261,4264,11088,8315,11196,5207,2077,6650,9965,4661,628.8
E06000006,Halton,760428,8826,3164,7969,2597,11023,6069,1976,7011,5456,13423,9840,11200,1790,2577,8793,3173,9943,3535,7092,3436,4785,1886,932.5
E06000007,Warrington,614007,6666,4011,4619,7923,5009,6761,5280,1828,9440,11425,7997,11193,1935,3782,8549,2374,5490,6112,1243,5811,3235,2363,361.3
E10000006,Cumbria,520041,2861,7284,8178,8935,12892,6313,8071,1139,2481,1611,1420,2995,4894,7478,10012,10156,10167,7078,10238,4122,7239,12184,987.9
E07000026,Allerdale,553461,1615,1603,2183,5785,7643,3879,2861,9886,3447,6475,3549,4812,1805,1605,3948,12147,1652,3373,2166,8849,13034,5639,734.4
E07000027,Barrow-in-Furness,165394,12540,3733,4598,1532,4082,4723,2777,10119,3698,11060,4430,4674,4556,6993,2239,6963,12389,2068,8529,7674,6637,6423,421.0
E07000028,Carlisle,99940,5844,7435,7461,10069,4104,12782,8997,8560,5573,11129,5638,1007,1340,3205,7477,3334,7746,7766,2163,12063,5433,7858,428.7
E07000029,Copeland,1204598,6344,1692,9116,1665,7239,7017,4507,8442,5611,7027,1716,4025,5622,11154,4274,3795,8445,5016,11961,7684,1440,8498,647.2
E07000030,Eden,679682,7910,3902,2092,3475,6690,9597,1850,3327,2007,9988,5811,7478,1654,9493,3770,4248,1325,7688,10408,4836,5520,8134,480.7
E07000031,South Lakeland,66931,4479,3857,10279,8103,5024,3541,2850,10803,12722,5965,5643,8781,4843,9478,2551,9196,3279,5272,9113,5247,4513,4427,383.3
E11000001,Greater Manchester (Met County),302512,8184,1100,4350,6575,2741,4341,5816,2310,10178,12302,2206,5988,4552,9317,6153,3855,9828,7682,1309,3921,8144,10354,305.4
E08000001,Bolton,560612,9966,12441,4658,5131,12420,1961,3145,7206,14126,4369,2581,6449,5250,12908,10778,14253,1246,8566,4512,4185,1327,731,101.2
E08000002,Bury,716773,3223,5633,5851,8145,1326,3797,1706,12446,2001,6880,9419,9020,8569,10348,2148,4995,3043,11748,14089,1673,2907,4972,608.5
E08000003,Manchester,1150588,4587,3384,8911,13349,3569,2363,9146,5900,12926,6546,12644,1168,8912,4256,1581,6486,4587,6830,7936,5783,4554,8532,344.6
E08000004,Oldham,716196,5993,1930,5120,8188,3231,6772,2652,8059,8556,9575,5935,6556,5723,3667,5734,6971,4040,2532,6374,913,8537,7966,973.8
E08000005,Rochdale,526677,5969,5591,7066,4493,5086,6287,5096,6765,2141,1687,2413,9346,1753,2823,3856,6674,3981,6578,1613,3070,2542,6836,261.7
E08000006,Salford,216474,8513,1486,3278,7175,5989,7350,7070,4580,9419,3035,9260,5149,11349,8944,10954,1508,4655,6519,4403,3971,1697,5717,496.7
E08000007,Stockport,579143,958,3170,3626,12543,7213,11274,8280,9196,10873,5464,2822,2065,6375,12588,2647,5719,3820,2340,5633,10867,9717,2542,600.2
E08000008,Tameside,490764,1341,4178,5857,1296,8656,3809,9869,9078,6652,2466,7952,10796,6125,7053,9425,4230,4423,7151,6940,2776,2837,5543,601.6
E08000009,Trafford,329076,8785,1454,3646,6517,4152,5910,3697,7545,8875,3717,1138,6323,3535,10229,4605,3672,7124,3747,7162,1822,6633,1574,967.3
E08000010,Wigan,519708,2440,8036,10390,5811,1288,8814,6936,2385,12806,6429,3832,10136,5103,3150,10025,6515,11509,4890,10242,7298,3711,5060,282.4
E10000017,Lancashire,431545,9633,8342,8418,3410,4145,6037,7728,2296,9108,6184,3463,6267,5202,2313,2447,9080,2877,7973,2685,5683,4402,5931,634.2
E07000117,Burnley,565771,12730,1581,15599,5799,3860,1778,10943,5163,5965,10402,1177,10551,5178,5219,6092,8691,7060,10744,1254,10115,5151,6499,891.6
E07000118,Chorley,965438,4097,6301,6797,6630,7759,4674,4251,9004,11738,6294,11150,8018,848,5559,9637,4626,7050,13172,10646,5247,4775,5403,774.7
E07000119,Fylde,544501,1495,1498,7384,7514,1802,9517,5204,1288,5028,6515,7912,3448,1990,7567,12170,9292,13030,4747,5848,5174,11446,4063,847.9
E07000120,Hyndburn,1302506,4141,8223,10341,3576,8883,6430,3526,8900,2332,9036,2695,9222,2894,7405,2067,5372,6830,3146,3445,1911,9970,4202,930.0
E07000121,Lancaster,1035802,1850,6452,1664,3019,8090,6404,13934,6882,3632,5622,4027,6815,10515,5642,10347,7163,12363,11610,7651,1290,7257,3305,107.6
E07000122,Pendle,374175,890,641,11350,6369,5791,2529,2653,8606,4390,10577,15798,1808,6112,1528,8823,4814,2297,8545,12191,9619,8099,1152,569.2
E07000123,Preston,349377,13709,7134,10552,3594,4485,5175,4998,7994,6609,4022,9014,1479,4211,1338,8839,2080,6115,6657,6176,8114,4838,5676,552.0
E07000124,Ribble Valley,279505,9102,8526,2113,4675,3555,9791,7845,2612,3679,3364,10598,6324,1908,9661,1309,4491,10267,5128,7365,5672,6398,5448,842.5
E07000125,Rossendale,377838,10382,3184,2375,5227,4241,1522,2799,9332,3031,11683,1635,2366,1517,11011,3664,4123,3017,8737,12841,5439,3174,8503,448.1
E07000126,South Ribble,329565,6581,7152,3827,13742,9023,7944,1742,14159,3026,2010,3275,8652,11576,7085,2922,3899,6156,6380,2668,3874,8765,2264,310.9
E07000127,West Lancashire,702432,8832,817,5427,4626,1953,5944,5255,7525,8656,2810,1906,8083,7585,3856,5613,4819,4902,4666,5714,6305,5854,14332,742.5
E07000128,Wyre,287578,1803,7820,8573,1005,3349,10065,1748,3190,10773,7178,3847,5630,5577,9483,4528,4479,657,2017,11785,1402,3046,2305,852.3
E11000002,Merseyside (Met County),366717,4503,7966,1321,2092,1171,5022,1169,6578,2437,9673,5357,5237,13647,2780,1722,3497,1099,2369,6276,3761,4070,2948,930.5
E08000011,Knowsley,859191,4891,9761,14951,5550,3176,10626,9701,3213,3944,2265,6553,11476,4509,7832,3517,2542,6642,8711,11584,4779,9049,9918,338.9
E08000012,Liverpool,715101,5825,6355,1314,3590,6332,2733,14097,1602,11579,2136,12390,1672,12262,5595,8445,10664,13582,5400,1691,7349,5209,2255,335.1
E08000014,Sefton,601365,9389,11493,3620,8404,4014,3790,5907,1279,9438,7526,8858,2840,3966,12383,7314,9855,1612,1525,2248,3536,3466,8050,322.1
E08000013,St. Helens,577487,5570,1324,1903,6283,2461,930,4398,1623,11076,6425,4871,1873,3569,6243,6244,9348,4767,3634,6759,8761,5454,6817,985.2
E08000015,Wirral,752130,2571,12737,6028,10860,11367,2487,2157,4056,3286,2569,883,13516,2070,2760,7928,4433,8503,5375,12948,5674,7351,1414,208.8
E12000003,YORKSHIRE AND THE HUMBER,150119,6413,7173,9053,9102,3085,7535,5137,13276,2214,2184,1364,1159,7010,3443,14051,10034,4454,10472,1167,5249,5319,4206,650.4
E06000011,East Riding of Yorkshire,973232,3416,5453,12354,3680,2211,6424,9974,2669,8177,3960,7576,7099,4548,5709,6614,6570,7308,7449,2809,6639,7239,6232,322.7
E06000010,"Kingston upon Hull, City of",597720,2185,6557,10337,5906,3838,5734,10405,5196,3465,5393,2029,6695,2553,1835,7941,7322,2303,5323,5555,4783,1737,2494,458.7
E06000012,North East Lincolnshire,285215,4603,2531,8322,2624,2465,6422,4104,9418,1819,7253,2415,9716,13219,7510,4393,1585,4568,3130,7760,6921,2509,4964,112.0
E06000013,North Lincolnshire,1036451,12625,4606,3149,7022,6134,7974,4599,14120,12884,7319,2639,3442,6036,3788,3566,1234,10129,5693,8627,9217,5372,1234,556.1
E06000014,York,609939,5806,13426,9138,7355,4779,1682,9946,2729,4774,6558,935,5643,5940,10625,10537,4831,5099,9403,6663,4197,4982,6154,535.7
E10000023,North Yorkshire,396196,7017,3388,1095,11104,1954,2105,4078,4899,6010,5187,12058,10316,6084,8114,6384,6958,6455,2946,4370,2018,7192,13518,836.9
E07000163,Craven,953993,13638,5299,5299,8017,6345,4019,5798,6142,2149,3959,10561,9894,6563,5365,5788,5294,2718,15240,7894,9352,1184,14209,714.3
E07000164,Hambleton,549251,12254,8661,3377,1945,1487,4020,5380,8757,9303,7539,6055,4276,4779,5707,4936,4164,13460,5750,4130,3750,4214,5846,683.4
E07000165,Harrogate,230757,9128,3338,7049,7260,3631,6439,1275,9095,11886,3564,3672,2245,1943,7782,2731,7555,5620,2576,9051,1455,973,5722,694.9
E07000166,Richmondshire,242182,4514,6839,4121,10813,4665,8032,14328,9760,1966,3362,5919,8659,3954,1777,3980,5159,7868,3568,11196,7046,8446,1330,865.3
E07000167,Ryedale,1296751,4221,2944,12341,5913,3685,4449,5767,1701,3797,4714,3245,9015,4121,7579,7049,9416,10388,1968,7736,1952,1747,7919,337.0
E07000168,Scarborough,446214,2227,14319,4204,2110,6704,1465,7040,6770,2282,6603,4800,5596,4768,8267,2694,4990,12126,6581,3239,8809,7972,7024,143.8
E07000169,Selby,676246,14139,8895,4139,3627,4189,8956,1078,3050,4072,6401,960,7931,1384,3847,6690,11265,3342,3329,7496,3409,9216,11347,448.5
E11000003,South Yorkshire (Met County),648395,2080,6546,8093,6777,4861,8273,6713,7622,2979,5163,1895,5818,3967,6449,11875,2983,6035,6512,4372,4040,4848,8500,512.0
E08000016,Barnsley,299434,4533,10855,6911,6205,6253,6196,2861,6495,1846,6976,2230,3324,1254,5909,4866,1346,4986,9061,1091,5824,9952,2874,803.0
E08000017,Doncaster,232104,14585,6451,6697,1386,2106,12462,2799,5474,6018,6376,11556,8590,5931,5234,1903,8271,5354,7754,11525,12304,9159,6668,410.8
E08000018,Rotherham,126083,15311,9074,1872,10217,2530,4807,3398,4286,7674,2639,10919,1607,9876,1333,11487,3527,5491,1298,6599,5350,10955,8832,191.8
E08000019,Sheffield,724283,3716,9876,6746,4688,10635,9757,1513,5799,8149,3352,4417,3715,7398,12404,7495,6710,2078,13179,8256,9817,8406,3704,831.3
E11000006,West Yorkshire (Met County),735388,5243,12311,10452,4184,9950,4000,11907,4820,5024,7365,2152,6897,2348,8220,4319,2581,4507,6712,11920,2628,8830,7662,844.4
E08000032,Bradford,758048,2591,6357,7157,1377,10099,9157,1719,10597,7115,2807,12133,3791,2773,1860,2223,6721,8535,3099,9422,6251,7625,2331,416.5
E08000033,Calderdale,1287395,3340,11023,8653,4024,2589,10129,9240,8413,6135,1377,3633,6330,5584,2415,3610,9664,2086,8780,10141,4392,630,6742,806.6
E08000034,Kirklees,999573,4400,8428,4686,4103,6494,11174,5454,5143,9535,6908,3912,5405,1195,1382,11986,2630,5343,9874,3981,10624,4602,11284,292.6
E08000035,Leeds,829903,7001,9734,3458,3431,5650,12677,1737,4363,7893,7199,9997,4507,4940,5161,7230,1501,9148,15001,4713,7441,3287,9372,473.7
E08000036,Wakefield,345871,1669,2539,11693,3786,4163,917,1536,6743,1570,1494,6044,9980,6104,819,10067,3053,11182,13450,12060,8358,8227,6443,101.3
E12000004,EAST MIDLANDS,1278622,4721,5057,1345,3882,4219,9072,12057,964,1811,3968,1187,5814,4778,11725,10576,5864,1796,13558,3875,4443,4449,3542,333.0
E06000015,Derby,495945,6162,13676,4038,5887,7465,3026,6365,1133,5378,859,8287,9439,7953,7546,7764,3280,6457,2581,10253,3467,11202,13921,940.6
E06000016,Leicester,363332,4949,2577,11910,4234,1436,2915,6573,11409,9357,6725,9538,9730,5014,7981,10900,3465,5364,8897,5808,5348,10539,10960,860.2
E06000061,North Northamptonshire,639919,6093,4694,4275,5597,8532,9698,2741,4794,7872,2261,10108,10805,9789,1644,2239,8926,10956,3950,6888,4426,8704,4266,351.5
E06000018,Nottingham,631718,4464,11692,8980,7453,13516,6625,8969,11831,11889,13128,3074,9855,8747,4791,1133,5550,5232,8917,9631,12639,5899,9358,882.6
E06000017,Rutland,371155,2608,11473,4958,8665,5428,13485,6018,5026,3326,8581,1344,2133,6486,4004,1230,12120,3627,8826,1319,6377,3055,12783,265.4
E06000062,West Northamptonshire,889022,4471,4977,6375,10572,10173,5540,15479,4702,1092,7556,13255,9456,2116,4541,7839,1411,4558,4097,6843,6172,2417,6778,170.6
E10000007,Derbyshire,458595,9451,6544,2104,8791,2091,3841,4034,7303,6457,2172,8674,9643,1502,1385,4112,7876,2571,6357,917,1811,6864,2937,128.5
E07000032,Amber Valley,178163,15098,2918,5291,3946,3080,9707,11014,3107,1970,11003,11342,12443,3941,9518,1908,7144,12930,12634,10280,9936,3844,5649,380.2
E07000033,Bolsover,421540,6672,7884,4202,7850,10888,9509,2392,2730,1291,3167,5241,3741,3355,2787,11195,6205,4037,11157,4567,4905,3284,8977,450.5
E07000034,Chesterfield,471189,5122,4326,4238,6022,5322,11571,6363,2177,4442,8024,10873,1661,2754,10623,6179,4951,1333,4486,15626,3573,8116,2431,293.9
E07000035,Derbyshire Dales,568168,6903,988,8184,3113,7686,4407,4001,2042,6027,7397,6522,7466,2098,6145,6810,2411,3669,2956,1569,5905,872,6519,678.2
E07000036,Erewash,831030,10021,4591,7884,6545,8868,7258,14408,5712,7372,6724,3985,4356,5034,5036,3365,5099,5008,13047,4581,6186,11059,7349,274.9
E07000037,High Peak,1171325,9854,12684,13049,4121,2978,9062,3934,5175,7132,4732,12225,7677,5666,5694,1026,5114,2338,10435,2811,9351,5158,9350,714.5
E07000038,North East Derbyshire,353555,4795,11109,11533,5425,8025,3991,3550,3479,8571,5800,4161,1592,2018,6863,1295,2384,4130,5339,1795,7808,9183,8686,152.8
E07000039,South Derbyshire,273294,9108,2662,8061,10438,7146,6587,2146,7216,1912,9474,8805,3478,4835,5247,2233,3916,6029,12906,6707,2472,2264,10102,500.0
E10000018,Leicestershire,1034281,4830,2814,3533,6936,4177,4933,8826,4688,2328,11370,9358,10277,10904,1805,1102,5064,5549,6593,2113,7552,3908,9795,648.0
E07000129,Blaby,163367,1777,4670,5082,3325,5056,11468,4673,6662,8721,3048,4877,11030,6538,7907,8848,4737,5870,6227,3054,2058,3758,3278,275.1
E07000130,Charnwood,372671,11165,4389,10875,6215,6450,3040,4588,2297,4539,13432,12765,4426,2331,6150,2045,9233,2743,7742,3112,6057,5747,8498,987.8
E07000131,Harborough,98429,5697,1998,1909,8180,4466,7980,12380,4294,3728,803,9174,1995,3609,4495,3813,4666,1902,11732,6696,14471,3174,4800,870.9
E07000132,Hinckley and Bosworth,567447,5202,3444,3715,6072,1480,4451,4072,1577,3875,5214,4906,6481,10721,13249,6624,3450,2532,3469,6784,9133,4761,10199,936.9
E07000133,Melton,555839,1231,3394,11287,7511,2080,3662,9347,7261,3112,7711,1343,5222,5217,1909,10265,2799,2460,5125,8042,7289,1579,9389,884.6
E07000134,North West Leicestershire,682887,2995,2614,6510,3860,5830,6662,3479,5006,1913,1261,7688,964,3971,4301,2560,6134,14820,4951,1715,10521,2177,7908,501.0
E07000135,Oadby and Wigston,131398,4421,8424,6224,2942,5238,5094,7551,7428,8504,11785,8468,12291,5559,5681,14160,11787,6728,4553,9020,5454,2214,1900,228.5
E10000019,Lincolnshire,1151146,11783,3472,6336,8629,4331,3271,10069,6844,10059,5825,5616,8254,8225,11733,4346,787,4316,1275,1893,6601,5453,5603,765.9
E07000136,Boston,1397524,12440,3491,4214,8594,5148,7419,2139,11172,14682,6954,7078,6427,5438,1487,6441,6390,2675,8589,5166,5272,8941,2077,270.7
E07000137,East Lindsey,239213,15254,10878,3219,10604,4116,8603,9537,10689,5025,2700,1021,3560,7520,5481,9052,4466,10200,5705,8149,7772,6947,2361,311.5
E07000138,Lincoln,221163,9036,1807,3371,4956,6741,1423,8333,3372,10547,9656,4319,4073,4486,2455,10477,1554,12329,6466,8358,10881,10783,6229,445.6
E07000139,North Kesteven,154942,4559,4130,3019,5675,3857,2276,1860,6547,11396,2325,4474,11519,13299,2302,2822,5756,1833,13362,5985,5647,10114,7097,351.2
E07000140,South Holland,628748,10862,12338,7158,7056,6369,9385,1746,1541,3463,9394,15242,8410,11761,3727,5424,2884,2681,1555,6783,6507,7617,10798,840.4
E07000141,South Kesteven,401739,7402,1863,3326,9661,1456,9827,6721,6116,4762,2761,5429,3641,5644,5168,10312,10145,5681,1901,2098,1272,8461,1143,400.0
E07000142,West Lindsey,667658,5144,4460,7798,4254,14058,6430,7947,9880,2844,3270,11928,1039,4906,8498,5280,7521,9543,8169,6888,14674,3163,1430,303.9
E10000024,Nottinghamshire,408622,4922,10948,3329,5232,3706,4388,2206,4663,13537,5653,6978,4226,10410,9411,5188,2745,2795,5615,6444,3048,12585,1192,317.7
E07000170,Ashfield,372985,4260,3365,2458,8360,8168,13306,1492,3232,6802,2584,6854,3474,7667,9664,1858,4139,3659,8068,3122,4915,987,4634,249.2
E07000171,Bassetlaw,252245,4265,5032,5402,8963,5494,5704,4437,10417,3656,10778,9731,7519,4566,8441,8836,3504,3078,9927,2517,5366,3636,2596,165.4
E07000172,Broxtowe,113115,2002,2323,7257,1234,4842,1680,8726,5191,6951,15253,2627,2555,4152,1566,1904,2324,2720,6140,7488,4908,7852,1789,303.4
E07000173,Gedling,1338416,6866,4898,1358,1666,3303,4968,7235,4881,6398,6009,4541,6171,1636,2660,1856,2978,1470,10918,3423,5524,7036,7064,871.0
E07000174,Mansfield,1334670,5872,10293,12694,15570,3838,11753,10069,9630,5246,3381,6957,986,11220,2240,1939,4799,5768,1093,10309,2170,8386,707,565.6
E07000175,Newark and Sherwood,1343835,4943,13447,4958,9212,8990,4242,1055,5402,6983,9430,6765,5609,13137,1911,6261,8423,2954,5534,1402,10770,12213,9657,179.8
E07000176,Rushcliffe,473689,1424,10443,6176,11671,5524,3949,3556,5147,5740,4291,5561,3905,918,2701,9248,2277,2394,5466,15044,4790,6249,2027,255.9
E12000005,WEST MIDLANDS,306641,5957,1369,11707,3932,3138,1543,4810,5865,1629,3800,1771,5746,3799,5087,9670,5556,664,14307,5346,13659,9707,6355,520.2
E06000019,"Herefordshire, County of",618824,9308,3678,7360,8973,5627,4699,5872,3577,6577,3854,1774,7405,3948,4563,3194,6388,8998,6009,5074,12681,2622,9748,599.4
E06000051,Shropshire,1132114,5823,1966,5457,7141,8958,4931,5033,5441,8702,1832,3785,5890,9938,6911,7488,9466,4070,9575,7313,2023,13171,6173,591.7
E06000021,Stoke-on-Trent,290347,4627,14025,3810,1824,7117,6591,9052,14419,8811,4439,13561,6137,6180,2950,10788,5243,9562,5116,7497,2156,6950,3572,642.8
E06000020,Telford and Wrekin,220083,1146,3999,4211,7667,9502,5197,6496,5342,2284,8679,4389,7716,7796,1540,4360,5244,1782,11912,2339,10016,8148,10967,195.8
E10000028,Staffordshire,428540,3484,11742,2708,14174,2611,7829,9581,9845,4482,2284,8051,4595,6920,12062,10737,10340,12903,1754,10322,9445,3680,3567,797.9
E07000192,Cannock Chase,633432,11456,11706,6360,4632,4126,5557,4470,5850,3886,7701,5207,1345,2296,4633,1990,7741,1106,2171,5079,8112,5552,8077,116.1
E07000193,East Staffordshire,535460,13189,2560,8619,2335,1023,10692,6595,9430,8857,4348,2614,2315,10231,11429,4899,4389,6740,2811,6608,5928,6738,8917,515.3
E07000194,Lichfield,442866,4038,11224,8160,7331,8553,3380,3058,1514,13963,7379,2861,6581,9762,3666,2428,3540,5713,14376,8033,4523,3929,5653,967.9
E07000195,Newcastle-under-Lyme,364505,5686,2165,3417,2333,14755,7921,5001,4716,4365,1419,10507,7983,7552,9451,9200,3999,4154,8153,3658,6679,5880,4233,694.6
E07000196,South Staffordshire,209088,3944,4444,7391,5306,5370,3408,4447,9398,2322,7690,1265,2460,6600,3396,3200,6776,6333,8817,4398,8659,6657,11839,171.1
E07000197,Stafford,449015,1375,4102,5558,4286,4707,3890,9555,7713,4778,6135,3396,4137,6594,2710,6789,7642,1533,1832,1913,5887,3707,12966,866.5
E07000198,Staffordshire Moorlands,724068,10437,8170,7773,5194,7901,6941,3230,8696,9733,5941,4473,10428,10184,8715,4528,3372,7980,5277,2906,3181,5289,8826,771.4
E07000199,Tamworth,608312,10884,3630,2445,12292,2505,2346,2147,2531,9874,5930,6678,15189,2363,11548,14041,6264,1198,9690,8667,2265,7410,1142,725.5
E10000031,Warwickshire,671309,8811,5292,3693,2806,2309,12608,3020,2433,8378,6427,10198,6002,8039,5522,4681,12229,6774,6079,14694,2344,5200,8010,571.4
E07000218,North Warwickshire,212379,2781,6372,8627,2415,12644,11364,6192,5635,11350,5546,6189,1717,7017,8812,4149,2693,4237,7295,7615,7726,2953,985,414.7
E07000219,Nuneaton and Bedworth,1511432,7267,975,6259,6118,9102,3542,12445,6469,1194,13313,1228,8490,3803,3678,6334,7908,2484,8684,5649,6435,1994,1189,244.7
E07000220,Rugby,449381,7446,4420,2441,5815,4671,884,7131,2940,15177,4160,1385,4962,2712,11216,7588,5812,1752,1457,7423,8510,5601,12649,468.1
E07000221,Stratford-on-Avon,169078,13834,4244,3045,12337,2548,3111,9207,10473,2962,3659,6841,4572,6851,4760,4038,4283,13339,3887,2672,14182,6512,12728,291.6
E07000222,Warwick,171967,3785,8875,1742,3723,2038,10081,1149,1129,6720,8090,1822,13839,4511,13099,7499,13789,7654,7004,1711,9629,5972,6826,711.9
E11000005,West Midlands (Met County),384911,8732,10107,5962,11842,7052,10090,14493,5728,10534,1164,4223,4043,1007,8715,6780,8266,695,4492,6919,9006,6218,6383,382.6
E08000025,Birmingham,641173,7673,4682,8915,3578,6781,8558,10681,5935,7236,4286,12473,5224,3535,5872,5815,2125,8577,2801,1553,6387,3828,1643,693.8
E08000026,Coventry,259341,6354,6591,1604,8983,8808,4119,9826,2974,3167,4444,5567,5098,3822,14330,3067,2191,1467,4960,5603,5612,7746,4684,324.9
E08000027,Dudley,918785,6106,4858,2085,3042,5316,7837,5809,4696,1497,1590,9440,9728,7060,3021,14180,5797,12422,4236,6758,6397,1426,12818,590.1
E08000028,Sandwell,1248367,4556,3924,4565,7019,6250,14849,9614,6026,4023,3082,3587,6589,5124,3733,8473,12436,6378,7902,1766,3703,7900,6315,373.7
E08000029,Solihull,662126,7324,10635,8810,6881,8189,1774,7359,5780,12249,3372,7159,4526,11318,6888,3821,3455,2221,4837,6686,9499,4845,3146,484.2
E08000030,Walsall,420533,10282,3243,10699,6614,4044,11683,12791,12960,6574,1710,4570,2649,6170,9453,4152,7457,8869,2763,4569,6144,13835,3739,921.1
E08000031,Wolverhampton,936830,8816,3160,5301,6210,6243,4006,5846,11017,3573,4721,7506,1548,2404,6910,10976,12077,1931,8292,3942,5013,5843,2599,590.8
E10000034,Worcestershire,655249,7610,5408,6815,5872,7341,6271,5457,7017,14154,6174,2802,9293,2761,6549,4893,13116,1123,12169,4407,3438,3047,8115,980.3
E07000234,Bromsgrove,130240,6466,6944,5559,8384,14046,6841,2773,8879,11083,4921,4012,2389,10228,14591,855,2367,3067,6705,3242,8424,3149,3026,661.4
E07000235,Malvern Hills,687844,1560,2801,3659,4858,7113,4205,5174,5428,1029,7955,10682,6077,10190,9733,5186,11700,7251,4470,7520,10141,7220,2911,293.5
E07000236,Redditch,236903,11372,13373,4724,2424,4218,5584,4981,6410,3120,3726,7647,10147,6651,4736,12194,2930,1872,4627,9178,1567,8119,2299,337.7
E07000237,Worcester,175615,3718,5758,6170,2378,4605,7206,4281,3350,2390,5963,4588,9277,1834,10426,1404,7945,10962,2416,8174,2407,6262,3598,831.1
E07000238,Wychavon,517274,3785,2798,4759,1758,3416,2876,3359,4480,2149,6501,8864,4634,7951,1414,4203,6572,7123,7213,5537,9577,6472,11328,892.2
E07000239,Wyre Forest,412697,6589,6590,4410,3567,1258,2817,868,6388,10440,5020,3354,4340,3823,4249,10002,11663,5421,4934,5049,1824,4848,4151,840.6
E12000006,East of England,298617,917,8250,10540,1826,4698,1174,8915,11126,7461,5450,6873,7596,12499,3668,14602,4124,4589,7451,4426,4177,6361,3027,597.2
E06000055,Bedford,570056,1948,6245,4978,5080,6406,4958,10295,5820,6662,3424,10008,7328,8428,9854,2122,6428,10977,3872,5401,1473,7455,1977,943.6
E06000056,Central Bedfordshire,321216,9645,6102,1288,7402,3425,2911,2928,7288,10749,5300,15842,2395,10449,1561,3375,1335,11859,9205,1237,6568,2442,4091,728.3
E06000032,Luton,367010,1910,1554,6848,3641,2743,11844,4552,3191,5643,6081,5195,2104,9098,1449,5377,3235,9790,7165,7495,2162,4437,10817,528.0
E06000031,Peterborough,559851,12515,1529,1339,5674,7690,6590,2458,12669,2524,6333,13417,7686,8539,1478,5810,4781,9484,5577,3391,10460,9426,7531,508.6
E06000033,Southend-on-Sea,1286697,5752,1650,6546,6609,5575,7908,3091,3905,13080,4021,6157,1038,8010,3648,1296,6645,7416,3678,3499,3381,14108,2361,448.0
E06000034,Thurrock,865991,1502,6283,9091,3526,3656,2742,9089,2098,11027,2935,1070,6373,12418,1678,12406,5469,5949,6284,2072,13230,5748,5144,311.1
E10000003,Cambridgeshire,453013,12052,8168,6929,1869,2123,7383,8643,9447,4467,12206,3529,8108,3455,1443,3175,9857,2388,10353,2221,1862,11718,3015,521.3
E07000008,Cambridge,150532,11368,12822,6776,6490,6632,5046,13134,3390,3134,13598,2340,3790,6077,11431,4676,3551,7228,7474,12434,7914,4677,4277,941.5
E07000009,East Cambridgeshire,310205,1503,1796,5462,4151,6999,9977,3177,4453,2451,7622,4485,2511,10175,2292,7821,5630,6865,3332,5309,7398,2781,3448,443.6
E07000010,Fenland,517504,3456,3838,4004,8502,6376,1188,4280,10660,7554,8466,3006,5819,6450,5658,4299,8836,2489,4732,3541,8019,8520,14931,718.6
E07000011,Huntingdonshire,278259,2176,10685,6791,14197,2228,10580,4945,7324,4418,2077,3782,1195,8928,2978,8169,10041,7025,6581,5042,7390,3903,1659,437.4
E07000012,South Cambridgeshire,471602,9909,3396,6614,5665,1838,3298,1667,2398,2737,13494,10890,4061,6714,12607,1979,6324,4479,3766,4184,1866,4791,3899,377.7
E10000012,Essex,430909,7876,6917,11135,5528,1893,1428,2378,7888,5146,8339,4426,5666,6215,11670,1881,5347,11865,4661,6030,3225,6671,13324,284.2
E07000066,Basildon,1000646,6446,6953,4265,11990,7418,9393,13691,5580,5053,10553,9150,4531,5837,6937,3942,3549,5055,1367,779,5615,1251,9188,292.0
E07000067,Braintree,424973,6429,7630,5682,13182,11603,4654,4595,6530,3814,4770,4570,5496,7475,5265,7360,2579,3702,2015,11179,6705,6272,3582,639.7
E07000068,Brentwood,720065,7474,7063,1027,3208,13577,7494,13666,6071,4480,5622,6754,6131,1603,2142,6855,2818,4117,10612,6673,5464,2640,2664,898.4
E07000069,Castle Point,289814,7544,1228,1681,4703,14486,10237,3708,3658,8689,3490,5225,2323,6255,1698,917,8404,10334,4152,2415,1323,2992,12582,238.0
E07000070,Chelmsford,843429,8226,1262,6953,5026,2963,11362,2436,14694,2059,3309,8891,4673,3885,11729,995,4949,7977,3831,6348,13430,10349,5533,640.4
E07000071,Colchester,176956,10941,1158,11317,3251,4367,1592,5388,6092,5953,9222,12993,5663,8322,13920,2928,5912,2753,6795,1300,3842,8028,7769,900.3
E07000072,Epping Forest,247610,7483,4728,7969,6220,12047,4037,760,1679,8038,11917,3689,9494,3842,12767,10878,8075,11134,6625,11149,10648,2808,3157,968.2
E07000073,Harlow,1073516,4134,6089,2415,3232,1722,5976,2652,1291,5057,5201,7768,6623,6756,6416,2449,4119,2691,785,4389,4096,3537,2171,789.3
E07000074,Maldon,827002,6508,12460,8671,2330,811,12646,7294,2766,11417,12729,12840,3781,6256,2930,2702,5391,7251,6378,3766,7209,1077,8624,402.1
E07000075,Rochford,1155362,9036,7250,11842,10345,5844,1218,5714,7000,3050,8642,6750,4636,8597,6259,8841,4982,8004,3084,7434,1618,1297,8256,341.1
E07000076,Tendring,658461,3954,9549,10524,4227,11898,9409,9928,6481,6488,11240,869,11455,7087,3934,8793,11747,8779,4657,3307,874,1957,1265,101.5
E07000077,Uttlesford,436105,2373,1549,6672,8969,14269,1946,1844,9067,3437,10973,12759,2764,7715,4946,2553,8570,9626,9244,8727,13771,12336,13203,193.6
E10000015,Hertfordshire,663411,6017,6803,3023,9002,11926,1967,5050,4885,5685,5169,1314,7956,2046,825,1479,1853,9234,11130,2421,3795,3095,2429,989.7
E07000095,Broxbourne,1133072,9834,4882,1722,2202,5753,4602,3745,4442,1233,8142,2729,8032,5246,13300,6178,2776,4184,10828,977,3497,9501,4710,561.8
E07000096,Dacorum,819554,5346,5505,7358,8236,9666,5328,6458,5549,4529,6499,8585,1674,8355,4439,9490,4586,2404,2293,9896,8282,11792,7075,168.3
E07000242,East Hertfordshire,465611,8621,5284,5818,10499,9422,5473,8949,1261,1943,7964,7876,2863,10559,1342,12674,2685,3876,3370,6895,7553,4662,4844,147.5
E07000098,Hertsmere,1234210,5634,6314,3478,3184,11132,9845,7900,2923,8691,12029,4405,4513,6371,1132,6012,5197,8194,2464,3443,9781,5929,4427,903.3
E07000099,North Hertfordshire,902849,5903,4438,1605,6504,8180,1007,4678,4359,3224,2976,9989,4397,11056,4281,7857,2698,5348,4007,5516,3379,6498,4104,833.7
E07000240,St Albans,178370,5997,4988,966,3740,2015,11091,5194,11083,4141,6285,11072,9795,7335,7355,11074,8283,1160,7735,7155,6987,4414,2058,365.6
E07000243,Stevenage,632679,6655,5773,2434,9378,7980,5088,1852,6175,13582,5394,4771,10546,11682,2255,5259,12232,8598,683,11145,10139,6673,2809,781.9
E07000102,Three Rivers,758602,7366,9849,7655,1903,1554,4760,4213,3157,4445,6333,3765,4732,7809,3597,4402,4455,2233,4234,7583,4200,3059,10750,877.1
E07000103,Watford,521082,3440,4995,5498,1101,2398,2857,4479,3953,4882,8794,3286,3371,7120,5922,3861,5113,13208,2116,3149,11786,7751,7765,291.7
E07000241,Welwyn Hatfield,95492,8572,11394,4267,2456,5699,9976,2987,2599,2152,4017,8581,3099,7214,13202,1070,2572,9716,6206,5685,5785,3275,4076,977.7
E10000020,Norfolk,933047,5177,2009,11518,3596,9195,7623,2584,983,7727,6814,9918,5786,6546,4336,860,9299,8501,1016,976,6747,6086,7980,699.2
E07000143,Breckland,1249594,3101,11189,10843,9549,13985,12367,3767,4184,7511,3770,6414,4807,3024,12049,5076,5329,6115,1547,9859,5385,6717,5521,598.7
E07000144,Broadland,220487,4874,10689,6270,11470,5196,8033,2050,5231,14374,3536,9240,632,9543,14034,6838,1372,10114,2355,10536,3009,4172,10999,701.4
E07000145,Great Yarmouth,120364,2187,8957,3448,3701,8614,8595,6605,3931,5183,10492,8581,3653,2105,10280,15584,5039,2837,3611,1961,6126,2390,10871,550.1
E07000146,King's Lynn and West Norfolk,1266782,9426,5179,6361,7393,3354,4406,3150,4991,5632,6322,10796,15517,2936,9818,5203,9768,6733,10392,1263,4191,7273,7038,414.6
E07000147,North Norfolk,550301,4104,2243,1839,14242,6560,1193,3833,3694,3000,6980,1901,3075,6544,1497,7921,5937,9242,3584,3626,10370,7107,2114,508.7
E07000148,Norwich,1250419,1395,3405,11860,2853,6175,5545,3104,4407,5169,5374,2604,10357,5012,7284,2272,4966,11850,6548,9803,6473,5915,3216,645.5
E07000149,South Norfolk,231156,4778,6696,2155,9627,3816,6604,5093,4429,7880,7059,1035,7077,5954,5529,1497,2409,3097,7559,4350,2422,4668,3844,485.7
E10000029,Suffolk,342144,3368,2235,13370,7664,5431,11658,8785,5587,6299,5573,4820,4851,5866,10722,8358,7479,4335,2440,6966,13960,7204,6427,349.2
E07000200,Babergh,962954,1638,9832,7780,7653,5754,3517,11768,5089,7033,5610,4734,3667,3523,8798,4553,11466,9692,2508,4214,11110,1975,5548,270.3
E07000244,East Suffolk,657475,8041,10985,5213,3625,4819,6334,7095,10088,6747,6637,5117,6281,5402,5774,4469,2025,1851,12492,4316,3152,8642,10802,663.1
E07000202,Ipswich,708341,9437,3808,3471,2597,7957,5633,9096,1764,12300,9812,9436,8237,5839,1331,11144,3718,5025,7591,3213,12918,3787,2508,603.6
E07000203,Mid Suffolk,292231,5689,7235,4026,4557,2505,6944,13447,4869,4101,5990,9873,2371,4946,11564,8577,3558,3381,1621,5289,9897,5342,2168,442.2
E07000245,West Suffolk,761546,5217,2948,8156,3592,4421,4271,8508,6877,4039,12448,8823,2638,11340,2310,7898,2425,4757,4630,4734,2644,7965,6004,559.7
E12000007,LONDON,368725,3167,9462,8565,7093,3689,9511,1184,7170,2286,6740,6855,3793,5572,6150,5350,3603,6811,15377,6419,5958,2149,1701,302.4
E13000001,Inner London,1560912,2602,4943,5252,3276,4529,11183,2502,1148,8788,1495,2234,7649,2217,6724,5494,7301,2496,5068,8642,5801,8191,4221,942.9
E09000007,Camden,204447,1311,5601,3953,1508,7862,2934,10674,3121,713,2363,5823,7442,5143,14795,6382,4139,9844,8364,4514,5842,3722,8551,740.2
E09000001,City of London,427020,7455,9024,8762,9208,6925,12314,2767,4974,8390,7869,12135,3261,12026,7654,7631,946,8885,2871,9259,6425,1183,3146,256.4
E09000012,Hackney,1107704,3264,6212,7520,5601,4686,6284,8196,6486,4865,8480,2128,14509,3780,7607,4225,9582,2974,7420,5927,6949,3784,7682,276.4
E09000013,Hammersmith and Fulham,394153,6404,11771,3166,4244,5279,2299,2151,6821,2230,2694,10681,2795,4130,2985,10776,4777,6928,4473,2907,1695,2477,2771,304.1
E09000014,Haringey,388458,2795,5113,12309,9812,10074,8613,2386,9205,8374,4794,1091,2627,5124,2936,6126,2650,2422,5572,3955,2412,5912,12771,344.2
E09000019,Islington,990125,6610,10238,1981,12812,8246,6563,7688,6276,7708,6128,7128,3974,2886,3121,13626,5091,13128,4929,4941,15767,12958,2372,559.9
E09000020,Kensington and Chelsea,613698,7269,10526,4017,6969,8721,1929,5356,8125,2785,5007,10069,6506,2529,5770,6591,1927,9459,11788,15073,6931,5166,7412,475.7
E09000022,Lambeth,98459,2534,4128,12193,1890,8977,15250,5664,3818,6351,5265,6141,5529,5664,3957,3872,5174,3297,4590,1051,4604,4046,2475,372.3
E09000023,Lewisham,650087,3853,7088,3557,7652,11750,7541,5752,8068,6401,3343,4291,9724,2407,8010,14564,11521,4921,7005,6600,3708,6826,9470,503.7
E09000025,Newham,410354,10100,2646,3304,2525,1868,7946,9958,6243,7365,6228,7020,6420,2186,6825,3766,1711,11595,1791,10466,2820,4154,7197,649.1
E09000028,Southwark,530760,6054,8252,4118,3774,8722,3762,8364,3095,5378,6167,3504,8851,2105,5690,5783,12634,12121,5212,5939,3716,4975,10302,467.1
E09000030,Tower Hamlets,282314,4085,3650,9802,4179,4229,10723,7714,8373,2091,8100,11815,10772,1526,4215,7272,3714,956,3042,8783,1196,3493,3674,715.7
E09000032,Wandsworth,216978,15157,6301,4720,3300,13263,10335,3080,9263,3582,4251,10798,9403,3790,4945,10270,6765,7313,4171,6166,8148,802,9561,994.8
E09000033,Westminster,320383,8216,1355,5161,6305,5391,6980,9289,5562,4121,6121,3608,15565,2354,2350,1364,6927,3103,8089,2166,5955,10759,7598,679.2
E13000002,Outer London,798956,7469,13099,6920,2372,2197,4191,8502,2966,6223,1970,1763,4173,1963,8870,10009,3156,7296,8413,3820,2507,13927,1980,356.2
E09000002,Barking and Dagenham,600974,6740,3610,2970,4470,3701,9288,10349,1892,10828,6691,5468,11263,4818,7819,7578,5445,7540,2735,11098,5218,9145,7023,261.2
E09000003,Barnet,575262,12208,2122,4842,3035,1911,8287,7517,6215,8699,2477,4911,8573,3423,1480,4106,6542,5842,11014,6268,4448,6554,3094,827.2
E09000004,Bexley,161978,1996,5411,4426,4513,2066,7581,2902,5167,6159,12360,13780,4848,1611,12542,7538,3779,2794,2502,606,3583,4706,7682,884.1
E09000005,Brent,944531,3149,6102,7212,1663,2430,5949,6912,2541,5460,8018,6341,2626,5848,4892,3462,4967,9883,6741,13223,9758,4108,9413,594.3
E09000006,Bromley,621649,2527,11592,5648,4978,9217,1285,2589,9121,8181,1355,7327,8378,3973,2127,5628,12138,2295,6149,2652,4611,5389,5955,987.2
E09000008,Croydon,118779,1700,7197,2902,1737,7912,12040,5048,4868,10061,5716,7342,3479,5518,1104,3930,1882,1801,10537,8145,1992,1910,5043,220.2
E09000009,Ealing,757189,3695,5751,7463,13166,1851,3557,5547,6515,5955,8347,11604,8057,8490,13687,11532,3116,5385,2567,5301,1968,5550,2872,560.6
E09000010,Enfield,1140459,8415,4555,1056,5734,2698,5853,1858,2995,3441,5143,7711,11116,6868,6828,12155,2715,3368,6562,11574,1869,1912,3106,399.6
E09000011,Greenwich,470121,1427,7414,7422,8081,4767,9118,2366,13576,4484,2475,7478,9445,13151,3650,6037,6183,8001,11240,5559,7751,4827,7362,558.3
E09000015,Harrow,881532,5320,9333,4038,6693,3512,1345,1522,3897,8616,12290,7644,1078,6338,8760,1508,4972,1808,7467,5020,5278,8494,6690,589.4
E09000016,Havering,522844,14638,7746,10509,11795,10812,12305,3846,9361,9524,6491,1630,5519,11428,6631,8104,7734,12610,3941,5905,3066,7384,5609,567.3
E09000017,Hillingdon,564729,7331,3898,5790,6094,6706,3145,8549,11652,8492,8459,2448,10602,2758,2597,5549,4382,8095,3492,3589,2318,5616,1626,382.2
E09000018,Hounslow,463177,11703,7713,13592,6325,7757,2156,1589,5887,7160,6180,4382,13518,8893,6013,2995,5339,6519,2500,7577,4184,3587,7672,513.2
E09000021,Kingston upon Thames,1004646,12456,1626,13435,12579,3075,8426,6820,3597,5324,5728,4779,7687,2857,5497,4986,4621,9173,1532,7878,10168,7803,1862,211.5
E09000024,Merton,816625,5158,5911,5140,1976,2336,11182,3108,14378,3514,5793,4122,7666,7003,2884,4337,4002,5069,7667,1867,13496,3123,3208,283.9
E09000026,Redbridge,323155,3898,8279,6159,5229,9111,4035,6533,6882,4265,8062,2757,9540,10567,6941,5990,8865,9423,8777,12200,8318,3552,3601,345.1
E09000027,Richmond upon Thames,500231,7147,3360,4998,1762,5054,7156,7855,7989,9583,6907,6056,2653,1704,4271,2917,6179,5911,6266,4161,11605,7191,9063,215.8
E09000029,Sutton,310529,8167,2598,1435,5167,5222,5990,2210,3700,6065,9969,5559,5757,5430,7272,8740,6355,1814,2404,8051,7802,3092,5219,514.0
E09000031,Waltham Forest,1337980,1067,769,8606,5811,2237,3035,6147,3987,14105,14509,2880,2836,5873,8968,8969,5696,4777,2215,6177,10049,2501,9120,626.9
E12000008,SOUTH EAST,560654,4263,12318,3722,3647,11684,12458,8438,6252,13550,2588,8009,5518,4101,7082,4023,8862,6345,4312,9035,1358,7726,13590,738.2
E06000036,Bracknell Forest,618145,3020,12039,3930,1857,2131,6705,1460,6454,2886,7536,11520,7214,10469,2826,1013,2143,3907,5042,1453,5912,6332,1901,296.9
E06000043,Brighton and Hove,174818,12876,8880,5785,7479,8029,3497,4642,8509,4343,12143,14527,13162,6374,3491,3668,5458,1178,4343,3735,8021,6859,8271,681.2
E06000046,Isle of Wight,794583,1645,9004,9446,2432,1399,6378,2301,2715,2956,13675,4394,3982,7419,4588,8036,1535,9548,11013,2568,4738,9939,8011,377.0
E06000035,Medway,1116947,1152,5562,4045,13022,5416,2682,9257,5314,10381,11423,9616,1795,4631,3751,14133,5541,5747,4583,4225,1815,1080,2966,183.7
E06000042,Milton Keynes,1102724,7259,3726,10226,1283,6130,6030,12978,10445,3771,13408,799,7111,5489,11452,2100,4220,10118,9496,1376,4707,3106,8984,932.7
E06000044,Portsmouth,400453,2159,12385,3748,2691,3530,5496,4347,9040,1914,11100,8229,1898,3780,8792,2355,1313,6295,6992,1600,2080,4384,8025,956.0
E06000038,Reading,547121,5636,6473,7310,5341,8993,4679,5652,5772,3504,2955,5889,13570,7689,7334,11950,10374,6142,3854,8327,3350,4939,8972,412.9
E06000039,Slough,1333648,3462,4976,5555,12956,7876,1106,8280,5833,6567,4027,7807,2674,3440,6126,6329,10304,4280,9509,8634,3194,3031,6201,699.2
E06000045,Southampton,838524,4417,3339,8788,4797,14329,13917,3927,2139,9255,6381,6242,9442,10054,5097,2818,7384,1369,3564,1315,3338,12014,4409,945.8
E06000037,West Berkshire,143291,1454,11750,14222,2365,3942,2322,5935,3665,5944,1752,9396,5357,876,4910,6787,7618,1392,2724,1069,6404,2844,5069,264.1
E06000040,Windsor and Maidenhead,581540,1073,9066,10522,2761,5525,1334,6734,5129,7154,2270,4031,1835,7333,2302,8899,1765,11181,10149,5734,3404,6226,2043,908.5
E06000041,Wokingham,639877,7820,5095,1293,3223,7723,9432,2011,9099,11140,5200,3142,3098,9935,2744,2254,6399,4690,1480,4974,2126,8941,4636,731.0
E06000060,Buckinghamshire,109548,4901,11528,6362,3340,5499,5329,2532,1259,2359,6104,8160,10180,3021,5891,2973,6077,4207,4248,2011,3521,3899,4062,560.7
E10000011,East Sussex,785834,12236,5854,12613,7856,3614,8100,7621,5221,1590,3437,12687,1678,8930,1286,5149,11475,8279,5786,12911,4860,1892,2459,953.5
E07000061,Eastbourne,611777,8249,4354,5050,4473,10509,7108,2875,6263,3835,1428,6250,4778,5723,14163,6205,11112,3102,8890,3059,5216,10088,3302,205.2
E07000062,Hastings,241799,6968,9567,9589,4344,3091,9314,1367,10410,13303,7988,1345,4212,7962,6237,5391,4460,6852,8085,10194,9501,2470,4674,404.8
E07000063,Lewes,332968,1687,4060,6930,9666,3681,810,5605,9570,9363,3802,5036,1890,5907,10649,1790,943,11077,5837,1581,6271,1512,5386,930.9
E07000064,Rother,980258,8542,6645,6892,9521,7113,4609,5826,3167,8614,8190,817,9272,1692,5288,3782,5226,7951,2342,4186,8691,3599,6183,467.9
E07000065,Wealden,410416,2512,7922,6324,4045,5849,4272,2728,11535,3872,13649,9306,12747,6798,4641,7125,2406,10820,1587,3264,4359,9191,1961,357.4
E10000014,Hampshire,425435,1462,10300,7837,3184,5535,2188,8736,2820,5062,6660,4144,2664,2334,2141,3126,5284,2532,11113,1249,3920,9016,10075,947.1
E07000084,Basingstoke and Deane,219461,8372,5767,5844,3646,5160,1270,2413,5923,7253,12399,5176,751,8070,5660,6218,8143,10435,5912,3643,11898,7899,6772,821.4
E07000085,East Hampshire,948295,4326,8919,14444,4257,2844,5971,6966,5617,10808,2199,8663,12861,11423,6729,800,3858,1998,3592,2465,10130,2985,6349,469.3
E07000086,Eastleigh,272440,6915,6135,7000,12912,5153,2443,6512,4875,4989,7804,4697,3750,6105,8717,1687,924,5789,8444,3669,1678,3709,1991,720.5
E07000087,Fareham,578681,4712,8018,5124,6036,4521,4763,8492,3492,2537,13166,1312,8339,956,7808,13906,2658,5513,2700,3830,3532,2898,5670,680.6
E07000088,Gosport,284328,12225,3038,6622,3527,4497,3798,11793,3608,3966,4864,9407,7771,2921,8803,4866,6614,12925,2350,10634,2252,8138,3834,981.7
E07000089,Hart,238625,10473,6777,1260,3943,3810,6659,11450,5229,1950,9880,5029,3967,11410,9755,12811,6679,2361,6143,6749,2131,3381,1387,983.9
E07000090,Havant,1068918,4519,4763,3430,4877,11017,4966,2186,10103,6264,12273,4247,6629,1975,2638,4970,4923,7631,1585,7577,1656,5656,5442,597.8
E07000091,New Forest,1098671,3521,1944,12108,5404,11686,3359,12196,1696,7153,3514,11031,4842,2140,4620,3361,12627,2976,9615,4578,7289,10918,3756,463.1
E07000092,Rushmoor,1379846,3742,9737,2503,10889,9978,1738,7506,7856,9048,7306,2328,7235,2086,1183,9737,6230,7053,10637,8727,7923,7918,5834,915.6
E07000093,Test Valley,163639,15113,2108,3159,4590,8911,3354,2177,4274,3938,4488,3127,10035,10869,2251,3887,5193,7283,8782,1612,3518,8837,10592,745.7
E07000094,Winchester,916465,4793,5215,4411,8708,4788,5498,6476,8766,10614,2223,2213,4931,14085,2904,7155,3558,13111,14241,4431,3998,10477,11143,778.7
E10000016,Kent,239072,1931,3866,8954,2905,7442,1292,4479,11274,10041,4015,2690,4458,6434,3889,12322,10460,2587,9634,4767,8367,10204,7635,762.9
E07000105,Ashford,665677,2699,4728,1185,5918,12870,7278,3795,3675,2411,8975,1579,10629,3833,7351,1750,4267,9229,3009,7788,4821,1198,2140,131.4
E07000106,Canterbury,191769,4630,9794,2560,2741,4116,12198,4601,10383,4511,2048,11387,3307,3824,13084,5193,3023,5562,3081,2841,1314,5743,8102,758.2
E07000107,Dartford,415181,2159,8155,4491,6444,9936,4386,1034,7169,9011,12842,11875,3482,4140,2204,3240,7516,9293,2383,7993,9422,6771,695,324.9
E07000108,Dover,309321,15006,3551,2443,6464,8606,10545,5221,1846,12604,8156,4011,6631,6937,1074,2963,2263,6019,6366,12290,6560,3922,1979,234.2
E07000109,Gravesham,855285,3081,4192,14970,2724,14872,8682,6555,6120,1675,9326,5708,1595,4376,4245,3695,3695,8004,2841,11212,4021,7388,4455,731.2
E07000110,Maidstone,935351,10754,3517,1565,8853,1889,5003,12808,3310,2893,8502,2229,3467,6282,6252,4658,5525,1415,3229,2056,8077,2636,8869,360.0
E07000111,Sevenoaks,814345,3387,758,6656,2774,8154,2707,12853,10379,7023,4762,8034,5463,2149,1575,1946,7442,3534,6258,7556,8592,3691,4400,403.5
E07000112,Folkestone and Hythe,1003266,1971,13079,2689,6562,780,5669,5493,9430,1511,10436,5667,9316,2849,1165,7229,6239,11999,2941,1525,8601,2916,10387,832.1
E07000113,Swale,380422,11776,5002,4234,7279,2287,6531,4960,1439,13190,5884,12176,993,5749,10176,12093,6859,1702,894,7240,1586,3686,5525,564.5
E07000114,Thanet,1117325,8110,3999,4219,14745,8815,6343,7065,13124,2416,5959,1366,4533,8405,8432,4386,1740,6665,2440,10252,4757,8210,4237,530.3
E07000115,Tonbridge and Malling,840110,5181,2515,6470,6401,11969,5062,2264,6247,11023,5363,6456,2160,3109,4307,2724,5860,5239,2646,2697,3079,5813,1936,583.3
E07000116,Tunbridge Wells,216011,12224,8874,7691,10579,3824,8550,3081,2320,7239,10809,11414,7016,6074,2227,10084,4997,4160,10297,5974,7003,6160,3693,557.5
E10000025,Oxfordshire,632813,3535,8350,5794,5307,2167,4368,1929,2667,1739,2375,4848,3745,3115,2626,6380,6336,1239,7738,8614,2366,7562,5102,303.1
E07000177,Cherwell,574005,2135,4443,6397,14625,3821,1080,2722,2089,5018,2219,6607,12051,2298,4905,8656,1117,2475,13193,3048,4312,4740,3407,149.5
E07000178,Oxford,284657,1187,13424,907,8860,6780,2450,3729,2300,7955,1329,10190,12376,3958,8697,2937,13170,4494,8593,3954,12139,5995,11634,278.7
E07000179,South Oxfordshire,173048,4209,3820,3135,1136,7472,6973,3128,3033,1190,3768,5143,14495,9700,8075,1690,7002,3593,2944,5840,8055,3008,5936,383.1
E07000180,Vale of White Horse,306875,7639,8817,7097,9683,4107,10016,1416,11425,8943,10410,8914,7780,1166,4276,10062,11921,11744,10203,10483,4218,13120,3807,340.5
E07000181,West Oxfordshire,123260,4114,1590,8006,4277,7250,3473,6732,1066,2809,4049,3670,2295,2551,15295,3197,1914,12966,4702,8346,3490,1852,5943,601.5
E10000030,Surrey,1138644,13893,8504,9685,5675,4594,3679,4202,4008,2173,6781,4567,12178,10644,5781,3103,1043,9237,4220,5511,947,9663,2713,947.7
E07000207,Elmbridge,986410,1867,8926,5548,8693,7212,3151,6009,1764,3936,12856,3109,4491,1178,10279,13116,10693,4520,6097,9627,6051,13377,1447,943.7
E07000208,Epsom and Ewell,945034,10366,1913,5717,11895,6772,1901,4772,8707,9358,7157,5915,5904,2483,6433,4171,7353,3740,6822,3018,2597,5552,3673,844.7
E07000209,Guildford,256882,10473,7613,2204,7391,5387,11836,11744,3622,1814,4606,9383,1178,4715,2603,2997,10769,1388,9592,7070,5358,5305,10114,804.0
E07000210,Mole Valley,77029,975,5631,4647,10985,922,9934,1614,10832,1515,5119,3940,6274,2578,4854,10795,12943,1018,6967,1666,2490,5235,13809,576.7
E07000211,Reigate and Banstead,77911,8121,3146,8065,6244,10579,8090,13299,9126,2062,6549,8292,9023,8249,1460,2775,5761,9905,5261,7760,3630,3388,1474,591.0
E07000212,Runnymede,187517,5743,2250,9669,6472,8528,7451,2838,1720,3772,5809,3659,5470,6924,6985,10765,7040,5125,6925,2182,12021,5500,6762,809.5
E07000213,Spelthorne,1221633,7800,3622,8623,12526,10237,8612,8834,4394,2811,4659,6116,3759,5297,1917,5330,4300,7513,6265,4261,6099,5628,8097,508.1
E07000214,Surrey Heath,646094,14874,10987,8710,5623,5925,7812,11015,1347,5375,6784,6147,10307,4319,8154,9302,1590,3773,10449,3658,12307,10939,11411,697.0
E07000215,Tandridge,655850,2138,6088,4639,5037,4074,8288,6823,4865,3769,2532,8123,5782,2991,5806,8374,2424,13854,6498,2613,6270,5365,5676,103.6
E07000216,Waverley,112324,7017,1062,3806,3426,2288,11370,3527,13275,8307,1714,9570,5279,8618,6928,2993,7795,10065,5919,9351,3615,10490,11802,631.5
E07000217,Woking,134970,1575,10629,10622,6811,1550,2871,6280,2631,5168,5921,2046,3826,8042,9394,12541,8784,985,2407,6433,7608,3361,6958,325.8
E10000032,West Sussex,134580,3641,2477,3871,6782,895,1230,9034,7852,4034,1406,5176,6231,3793,8803,8499,2643,1234,7474,11543,7228,9163,5206,382.6
E07000223,Adur,301246,2069,10631,1930,8660,14243,4294,5769,2959,8109,13148,1290,7391,5551,12694,6363,4458,6873,5272,2962,2473,5267,11249,620.6
E07000224,Arun,726608,10823,7001,6828,3863,4244,5271,6239,6694,11016,7260,4721,1923,1190,2553,4209,12126,1195,4450,7252,10633,6023,6581,415.2
E07000225,Chichester,287197,829,8868,5200,3573,3232,3381,9299,3112,2847,3713,10169,3894,14305,9528,4401,2866,7478,4111,6718,7888,14072,5433,746.2
E07000226,Crawley,836757,3781,8243,1628,6027,12412,4664,8504,11321,13995,5691,3004,14276,7729,11740,11217,12200,4279,6338,9363,9941,6123,996,335.3
E07000227,Horsham,724738,4027,8187,2327,9041,1544,3322,6801,5395,5532,2693,5428,7643,4006,3934,8675,12937,3016,5348,2002,8634,13038,1119,947.4
E07000228,Mid Sussex,1055497,2778,8701,3991,3454,8301,6488,3099,4763,4598,8036,9060,3387,1266,7611,4318,12261,1355,3689,1197,11547,8814,7344,787.1
E07000229,Worthing,286211,5148,3424,13083,4736,6052,2382,1284,1891,11815,1823,6875,2885,7815,3675,14950,10703,5234,6974,5456,8064,7198,12463,617.8
E12000009,SOUTH WEST,396516,3565,8310,5276,1026,5803,6950,1831,10695,15175,8913,1567,3957,4297,8259,6684,4607,6508,3852,8331,5672,2348,5181,297.8
E06000022,Bath and North East Somerset,1180906,2754,7891,9848,705,13904,4413,3344,4697,4200,6445,6425,5246,7282,4138,1449,6155,2040,2085,3283,6259,6456,10233,411.6
E06000058,"Bournemouth, Christchurch and Poole",212268,2942,1421,8504,2180,2376,3201,5191,1016,7642,1223,6604,12325,9898,4377,11628,5893,6284,9561,14629,8814,2875,5142,798.5
E06000023,"Bristol, City of",398074,6938,10829,7220,1908,2510,6809,9106,8321,9722,6035,7979,2930,5475,12880,3429,1186,10964,5663,6386,4011,9876,8107,435.5
E06000052,Cornwall,438736,5923,8267,8102,2022,5847,8270,1071,1454,2478,4323,9776,4311,9524,5553,9707,8384,3029,6964,3971,2183,5103,7036,762.9
E06000053,Isles of Scilly,337854,4463,3856,7564,1112,7349,3307,3375,4901,5545,6359,13838,11233,6357,7926,1810,8930,1230,4696,5837,10513,8823,4704,830.0
E06000059,Dorset,414510,9628,1829,8208,9832,6218,9299,3300,7524,3085,3345,9119,6851,6561,4085,5143,11270,6098,1334,10347,4555,4091,7542,300.9
E06000024,North Somerset,151584,3681,8976,1609,8888,9176,4799,1857,11597,2925,2955,12092,8317,8207,2332,2050,14964,6787,5319,14319,8482,3252,1800,979.7
E06000026,Plymouth,1088810,4726,2129,12079,3525,4031,8455,6820,8656,2209,5428,11253,1014,11961,6120,10556,10431,8876,8632,3790,4682,10467,2122,989.9
E06000025,South Gloucestershire,114967,3142,2308,7763,3786,1323,3071,10355,9014,4351,3318,2996,4003,11003,4943,2760,7196,8271,6808,4522,7169,3573,2664,955.6
E06000030,Swindon,1500235,11214,9987,14872,11705,4835,4978,4548,7594,6459,9891,5121,2483,11431,7828,5098,5448,4118,12367,884,3630,7821,5572,192.0
E06000027,Torbay,199083,11227,8907,1004,7421,3940,4217,11711,8472,2050,6540,2312,3057,4372,3263,1830,2396,2876,5316,11897,11004,7388,3023,835.9
E06000054,Wiltshire,602033,8346,2232,6177,7477,1200,3587,11184,7992,8479,6499,5714,7780,11529,6095,1340,8351,5117,12631,8154,4982,8728,6217,683.7
E10000008,Devon,464390,4626,2968,6038,9561,3685,4979,7031,15021,5020,4514,4962,2157,2301,2043,4361,9449,4355,10606,11315,11789,3577,2101,297.7
E07000040,East Devon,1190490,3322,5178,4517,13086,4479,10028,12119,6795,8899,7249,5841,6528,10064,10404,6091,9296,1033,2457,5175,3689,3515,9785,633.4
E07000041,Exeter,833866,3210,5590,11425,2460,7585,5403,5234,6003,1438,7465,6544,2319,2276,2000,8252,9789,5587,7799,4331,1233,3880,3382,940.9
E07000042,Mid Devon,169165,9583,9667,8619,3980,4786,10877,8008,2220,1515,6583,2729,11880,6610,928,3788,4084,5803,1675,2557,1602,4968,5034,855.0
E07000043,North Devon,608227,5615,1849,8827,2868,6171,4491,1568,5894,1241,3637,8780,7715,2266,5493,3936,3238,12121,7003,5408,2007,7050,9703,927.4
E07000044,South Hams,474456,12818,2311,6194,1615,9569,1404,2244,12869,5371,12675,3619,12186,3346,4394,6213,2991,4439,7742,9216,900,7720,3660,725.9
E07000045,Teignbridge,228962,13291,4723,7262,1181,7202,2754,4241,3632,4743,7352,5786,14389,4864,4377,6043,5621,9309,1887,3254,9972,2902,2024,729.2
E07000046,Torridge,910913,1895,6889,5347,1815,11234,8789,7157,6492,3735,5422,861,3592,2693,2378,11984,10020,5236,5737,3907,11201,5851,6728,959.0
E07000047,West Devon,453986,4400,8136,7314,12669,8440,6604,1214,1919,13473,6364,1589,5799,5425,5690,4933,3179,13981,10901,11117,9177,4642,4191,993.2
E10000013,Gloucestershire,1129540,2340,6103,4671,7465,10034,3394,1758,4943,3208,2387,9423,5570,11657,3495,6826,4082,7425,5910,2838,13982,11256,10556,404.1
E07000078,Cheltenham,828508,4606,9551,10470,12752,8012,9636,6876,5643,4391,5939,1831,4840,7572,12871,1878,5406,6396,3218,770,10140,5322,5414,636.4
E07000079,Cotswold,903942,4780,11057,1476,3837,5156,1939,5315,2966,5223,15349,14752,1474,13186,2319,7121,7949,7805,9903,4026,7164,5011,9791,573.4
E07000080,Forest of Dean,712563,12394,1415,5406,5824,4387,1038,2142,3781,2193,1928,10096,4206,12730,4367,7143,7071,2280,7895,5830,2439,7601,13452,949.7
E07000081,Gloucester,657391,7625,2758,9095,8363,3304,11866,8830,3819,3866,2939,3964,3202,6608,1636,8914,896,859,2172,1782,6656,2141,7242,957.0
E07000082,Stroud,349211,10752,1438,5741,1314,5460,2160,5121,1697,4982,10319,2636,1878,10258,10268,8543,1644,3143,1684,4193,11919,4739,2869,187.5
E07000083,Tewkesbury,355872,9155,5172,4666,1210,8340,7217,3317,8287,5414,8159,3945,3322,14744,6562,4040,3356,1912,1168,13730,1415,13935,774,664.9
E10000027,Somerset,1038742,4240,2318,6239,4876,8000,11764,1983,6862,11760,6654,6133,2181,3565,3513,1452,1807,1311,6541,6130,3643,5925,8913,889.8
E07000187,Mendip,1262342,2047,12738,6115,9755,15077,6506,5577,7601,2155,2546,6537,8485,7539,1230,2277,2259,2130,4363,6854,8650,1627,3107,733.9
E07000188,Sedgemoor,205413,2123,3514,10038,4002,4908,8001,6142,13324,12349,4718,909,13005,2604,1098,11482,4720,3014,12184,6004,5515,13717,6353,135.5
E07000246,Somerset West and Taunton,963998,7285,13023,2373,9861,9395,4438,5963,4793,5976,1854,2690,4091,3525,7221,8158,8420,2511,13577,7121,1995,10772,9555,332.2
E07000189,South Somerset,147038,11691,4554,5664,12043,11007,3213,6677,1937,6199,2903,2732,4252,2265,5673,8378,7717,9732,7586,1052,6369,5890,7282,378.9
W92000004,WALES,409491,4586,7733,4823,5033,7551,4527,3455,944,1651,1880,4067,8067,10018,5196,3250,1280,4906,1569,6794,1666,6343,6699,432.9
W06000001,Isle of Anglesey,134085,2116,2468,6816,11227,4883,3707,3281,6176,4524,5645,7517,12103,9607,4760,2748,6800,10560,6314,2535,13836,7996,13208,696.5
W06000002,Gwynedd,342282,1051,4503,4197,8545,1783,9543,2129,11795,5234,1807,3361,1269,3274,7229,7358,1213,12698,1846,4059,1609,11573,4674,478.8
W06000003,Conwy,490320,1864,4499,11645,1517,12709,11178,9339,2985,9666,5578,7742,2331,8236,4268,11702,13311,9186,9249,8885,7347,2359,8126,113.7
W06000004,Denbighshire,638758,13630,5251,10489,5737,7561,9518,8510,5420,3000,904,8908,1840,12156,10116,3239,6396,10601,5050,7104,2982,4449,2459,265.8
W06000005,Flintshire,287804,13601,2785,6201,3054,8941,4378,6396,3908,2934,6693,8777,8773,9755,3304,1837,10826,4626,907,5190,14196,4877,7358,564.8
W06000006,Wrexham,331693,5982,6815,2177,1180,4114,1519,3756,4726,3517,2418,7353,9265,5236,4530,2730,3982,8917,1269,5732,8064,10621,5821,604.0
W06000023,Powys,98021,1430,12020,8865,2476,3907,3672,14046,2794,4780,1044,5746,5247,5281,3267,6367,13811,8316,8327,2058,6818,5356,10437,420.7
W06000008,Ceredigion,922848,7647,11287,5591,1640,10019,9495,9193,6583,5716,2045,4077,6908,3743,11259,6562,8743,2495,4329,2473,8353,11881,4489,401.6
W06000009,Pembrokeshire,856444,10114,5443,7365,1411,6672,7662,7066,2812,2113,2176,9096,8950,15200,2580,5491,12166,5564,7333,7971,14147,13926,5349,440.6
W06000010,Carmarthenshire,116492,1344,14195,7115,6595,8618,6610,9551,8049,3787,1644,10147,8284,5999,4198,4506,5967,7711,6374,7550,9313,2319,11556,882.6
W06000011,Swansea,1061240,11467,2714,11174,7101,1111,7913,2578,1904,9365,1320,5160,6994,6980,6868,1689,8741,2267,2216,3375,2708,6072,9827,496.5
W06000012,Neath Port Talbot,546106,5462,2794,4488,7973,3243,13421,6896,9425,1487,4122,6296,7688,6218,4757,3334,13827,3255,5408,2047,7699,7787,5101,979.7
W06000013,Bridgend,569081,1314,8095,8692,9186,1566,2499,3950,925,1656,5183,2087,3301,4041,9374,8216,7813,3097,1599,12605,2534,8374,9597,940.9
W06000014,Vale of Glamorgan,660921,10096,6762,5142,6638,4982,5170,7727,7719,3956,1105,6459,10663,11149,8162,3689,11997,5144,3216,4435,9957,4015,14887,882.2
W06000015,Cardiff,550815,7696,4505,2814,13475,11853,4467,8044,4783,1922,6348,4357,7273,2146,7747,12395,3832,8547,4082,5769,10777,5705,11239,951.4
W06000016,Rhondda Cynon Taf,465570,6168,8702,3646,6547,7926,1288,9367,12608,1995,4192,2969,1004,5483,9271,5085,1014,12144,7011,12400,4713,1860,6252,864.0
W06000024,Merthyr Tydfil,254112,3530,4735,10121,5937,5611,9187,1315,6701,5495,6753,8629,2101,9294,6532,3911,5915,4861,10321,4950,5705,3732,1383,477.3
W06000018,Caerphilly,913313,6178,4447,8169,7761,6160,4863,3666,6098,12540,11420,3924,2205,8293,3649,11860,5703,9042,4650,2869,3137,9842,3530,206.4
W06000019,Blaenau Gwent,989218,1662,4731,1861,5658,934,11993,4728,9429,6914,3775,5022,2217,7673,2855,4526,6543,6329,9448,8746,8865,6110,8468,436.4
W06000020,Torfaen,1298357,2104,12251,2205,3324,6540,6460,6586,5521,9189,1492,5953,2859,4731,7799,6880,5471,8274,12170,6234,6952,9200,7125,100.6
W06000021,Monmouthshire,511091,4394,1741,10013,9725,6683,1224,4596,2331,4791,3197,13500,5505,1513,6776,3650,3263,5347,13602,2666,4627,7315,3645,140.1
W06000022,Newport,1017728,7062,11255,6173,4212,3492,5838,5846,1985,6862,3391,3778,3521,9907,1319,3183,4317,5217,6713,3129,3348,3279,4726,717.9
